valence,year,acousticness,artists,danceability,duration_ms,energy,explicit,id,instrumentalness,key,liveness,loudness,mode,name,popularity,release_date,speechiness,tempo
0.0592,2019,0.839,Harry Styles,0.567,240133,0.267,0,1ZMiCix7XSAbfAJlEZWMCp,1.46e-06,4,0.089,-6.502,1,Falling,85,2019-12-13,0.0299,110.011
0.132,2021,0.721,Olivia Rodrigo,0.585,242014,0.436,1,7lPN2DXiMsVn7XUKtOW1CS,1.31e-05,10,0.105,-8.761,1,drivers license,91,2021-01-08,0.0601,143.874
0.225,2016,0.701,James Arthur,0.311,208827,0.485,0,55Am8neGJkdj2ADaM3aw5H,0,6,0.0726,-5.726,0,Train Wreck,84,2016-10-28,0.0365,77.355
0.221,2014,0.22,One Direction,0.681,248360,0.582,0,3JjnGLK8IxkNLvo8Lb3KOM,0,6,0.119,-7.76,0,18,79,2014-11-17,0.0313,124.038
0.196,2020,0.613,Rosie Darling,0.502,190267,0.444,1,0RjKWagIjeOoxpsiCT4gls,0,6,0.103,-7.294,1,Coping,45,2020-11-06,0.116,157.604
0.408,2020,0.89,Sam Fischer,0.731,211813,0.233,0,5wV2TAUTKHcKgaEB6XnWDI,0,1,0.3,-11.109,1,For Now,63,2020-11-27,0.0376,108.008
0.256,2017,0.881,Ruth B.,0.405,303653,0.279,0,21dpBHPTV7ythCHBI6Slcw,0,10,0.0933,-8.099,1,If By Chance,71,2017-05-05,0.0334,119.85
0.137,2018,0.8,Alessia Cara,0.481,227693,0.267,0,4WzhjxvLP95y7AMDy0Atwb,0,7,0.249,-9.249,1,Out Of Love,77,2018-11-30,0.0339,117.64
0.194,2009,0.142,Miley Cyrus,0.459,248587,0.545,0,7ywzEdEuVG1lsjsRCGJfLy,0,6,0.105,-4.874,1,When I Look At You,65,2009-01-01,0.0282,137.941
0.32,2017,0.912,Halsey,0.447,220541,0.257,0,2DyCLtTrd9f2DRRDq1ngJx,0,5,0.117,-9.172,0,Sorry,0,2017-06-02,0.0394,136.87
0.479,2016,0.308,James Arthur,0.696,246880,0.543,0,0VhgEqMTNZwYL1ARDLLNCX,0,11,0.0939,-6.164,1,Can I Be Him,77,2016-10-28,0.0489,107.969
0.239,2020,0.815,SHY Martin,0.636,163547,0.243,0,1Ia95g66IhlAJ3qVI4qI8W,0,2,0.111,-9.509,1,Slow,67,2020-01-10,0.04,142.016
0.446,2018,0.751,Lewis Capaldi,0.501,182161,0.405,0,2TIlqbIneP0ZY1O0EzYLlc,0,1,0.105,-5.679,1,Someone You Loved,79,2018-11-08,0.0319,109.891
0.224,2017,0.231,Daniel Schulz,0.68,223562,0.346,0,4KnnWpUyPfQD6X5SQSTlH3,0,7,0.26,-6.533,1,Turn Back Time,66,2017-11-03,0.0302,95.952
0.323,2018,0.872,Shawn Mendes,0.361,212773,0.311,0,6nat4Z7iRKWVk1qngQqI0Q,0,2,0.0987,-11.748,0,Perfectly Wrong,67,2018-05-25,0.0369,89.362
0.219,2020,0.837,Francisco Martin,0.447,230917,0.376,0,1XZG6gPL5pKw7MLRXCK1yX,0.000222,10,0.116,-9.262,1,Swollen (feat. Julia Gargano),55,2020-12-04,0.0316,140.757
0.288,2020,0.688,Emily Burns,0.478,203300,0.339,1,754zNJgoWQaGETFzSYVlmC,0,4,0.104,-7.355,1,Is It Just Me? (feat. JP Cooper),67,2020-12-04,0.0544,145.441
0.269,2021,0.0723,Mimi Webb,0.616,182121,0.576,0,15OCqNPYoLziEAsbVnqRj5,0,11,0.375,-5.495,0,Good Without,84,2021-03-26,0.0532,89.962
0.361,2019,0.946,Lewis Capaldi,0.736,220492,0.308,0,4Of7rzpRpV1mWRbhp5rAqG,0,4,0.186,-7.83,1,Bruises,81,2019-05-17,0.0677,111.202
0.506,2018,0.733,Alec Benjamin,0.649,169181,0.548,0,2uaiyLKnYvazyfR0Ky3Kbk,0,1,0.136,-5.692,0,Let Me Down Slowly,0,2018-05-25,0.0318,150.036
0.109,2021,0.748,Sam MacPherson,0.641,195520,0.249,0,5oRAL1SuCwcdDx6IwK54kL,0,4,0.316,-13.669,1,Routine,54,2021-02-10,0.0733,85.998
0.308,2015,0.547,Shawn Mendes,0.363,215840,0.466,0,2K4qtTAE8fjFaIUBFTuj1a,4.46e-05,10,0.0828,-6.963,1,Never Be Alone,0,2015-02-16,0.0347,200.24
0.175,2020,0.268,morgxn,0.485,221884,0.441,0,0qLYHvobT7ksOx4KqlyOqf,2.52e-06,11,0.212,-7.101,1,WONDER (reimagined by Jagwar Twin),57,2020-11-20,0.0252,99.913
0.314,2018,0.177,Landon Austin,0.701,256636,0.654,0,5TmxjWLr9B8B9tWSGOunlx,0,9,0.0857,-6.577,1,Now,0,2018-11-26,0.0837,132.08
0.388,2020,0.933,Emily Weisband,0.44,184293,0.0942,0,6ZV6lI92ypdfjeGgDQc5Mm,0,5,0.104,-11.182,1,The Way I Say Goodbye,53,2020-11-13,0.0365,142.388
0.34,2019,0.553,Tyler Ward,0.7,210375,0.454,0,3gQOsy9X4czsQs7DTyzbuU,0.0022,7,0.121,-10.39,0,How To Lose a Girl,0,2019-01-25,0.0388,80.011
0.273,2017,0.784,Zara Larsson,0.485,180640,0.332,1,4VPXFi4vFTtS9wHe6oMQaT,0.000122,4,0.146,-9.244,1,I Can't Fall in Love Without You,69,2017-03-17,0.0338,130.813
0.443,2018,0.697,Dean Lewis,0.553,196373,0.586,1,3EPXxR3ImUwfayaurPi3cm,0,11,0.0813,-6.319,1,Be Alright,81,2018-06-29,0.0362,126.684
0.284,2018,0.921,Elina,0.65,173237,0.171,0,1z1mMZtZW0gvR9FSPc7JpJ,0,6,0.127,-9.005,1,Champion,64,2018-11-30,0.0519,119.522
0.566,2011,0.121,Hot Chelle Rae,0.53,211413,0.802,0,0cEBv7oJxFp3bfTFqWFI0R,0,2,0.118,-6.494,1,Why Don't You Love Me (feat. Demi Lovato),61,2011-11-25,0.0362,148.054
0.125,2020,0.898,Garrett Kato,0.493,211133,0.157,0,1DMB324qRaRdBhykzbE8Ts,1.89e-06,0,0.111,-14.186,1,All Good,55,2020-12-04,0.0405,134.192
0.159,2012,0.114,Kodaline,0.189,306600,0.426,0,1XczdQt6RKNkEQfPqUsi3q,0.0885,0,0.058,-9.084,1,All I Want,0,2012-09-07,0.045,187.281
0.495,2013,0.286,One Direction,0.515,188547,0.714,0,6nIE1oCE4udqMGv3bqVNVb,0,0,0.118,-4.516,1,Half a Heart,69,2013-11-25,0.0348,155.954
0.104,2014,0.874,Labrinth,0.439,287693,0.153,0,4L2K7JKseFCBoHMZEAszW0,0,1,0.107,-8.95,1,Jealous,24,2014-11-21,0.0479,116.76
0.21,2020,0.0698,Nick Wilson,0.659,184633,0.571,0,4HzmjPPHHiYwrXPq9Tv1fx,0,1,0.107,-5.654,0,Everybody But Me,57,2020-08-28,0.0371,122.949
0.0492,2019,0.653,Nina Nesbitt,0.535,232800,0.297,0,1WO6kvO7P8TOsuhBaqun5w,0,6,0.118,-6.043,1,Is It Really Me You're Missing,38,2019-02-01,0.0665,147.569
0.329,2018,0.606,Will Post,0.599,232814,0.527,0,1iZYLv8EeDqHogB1i6Y1Wl,0,6,0.104,-6.938,0,The Kindest Thing,50,2018-11-22,0.0465,93.09
0.416,2012,0.787,MKTO,0.313,184213,0.429,1,5tajmvqHF6YW1iiUFzKpCB,0,6,0.0863,-7.415,1,Wasted,64,2012,0.0343,77.27
0.316,2019,0.629,Kurt Hugo Schneider,0.692,162273,0.333,0,7iSool3PmS50F5St2bhmTU,0,7,0.176,-7.858,0,Someone You Loved - Acoustic,57,2019-10-05,0.029,110.108
0.194,2020,0.632,Lauren Aquilina,0.408,171439,0.247,1,5dQfHH55X0f2nfu9HvvRtz,0,3,0.0857,-11.063,1,Latest Ghost - Piano Version,50,2020-12-18,0.0328,90.845
0.413,2020,0.576,Emmanuel Franco,0.478,199520,0.566,0,4cPsK6f8ErDfqVNwJkSiKq,0.000142,7,0.448,-10.526,1,Feel Like Home,52,2020-11-18,0.0396,75.918
0.63,2020,0.557,Ashley Kutcher,0.333,204000,0.538,0,7y8Qy4I0VWGMEbZvZ0C9x7,0,4,0.0977,-8.653,1,Love You From a Distance,68,2020-10-30,0.0325,149.377
0.221,2019,0.718,Maisie Peters,0.396,201694,0.177,0,1a1SQeSqUKzH5OUVTEx4ae,0,5,0.139,-10.277,1,Favourite Ex,65,2019-04-12,0.0378,177.215
0.193,2013,0.0843,We The Kings,0.512,226330,0.559,0,7xpraKSakDJ6WWgjQEtvgT,0,1,0.0696,-5.498,1,Sad Song (feat. Elena Coats),0,2013-12-16,0.0253,85.017
0.354,2015,0.5,Demi Lovato,0.41,191308,0.462,0,3ioJ2eGWcONEvna37MpsiE,0,8,0.0975,-7.534,1,Stone Cold,0,2015-01-01,0.0515,139.861
0.238,2020,0.699,Nataliya Nikitenko,0.577,207146,0.377,0,4HwJ2gvewwzC3NsC9WwmlA,0,10,0.128,-6.669,1,Oil & Water,55,2020-12-18,0.0325,126.368
0.198,2019,0.978,Billie Eilish,0.367,196077,0.111,0,43zdsphuZLzwA9k4DJhU0I,3.97e-05,4,0.0897,-14.084,1,when the party's over,84,2019-03-29,0.0972,82.642
0.539,2021,0.0296,joan,0.614,212093,0.622,0,45BmSERHSfZFaLH9oWtA1e,0,10,0.659,-8.264,1,brokenhearted (together),52,2021-02-11,0.0312,148.959
0.328,2021,0.436,Seaforth,0.531,223129,0.552,0,77Bt2DXJE1R1qsnm4D10Ox,0,1,0.0786,-5.945,1,Breakups,72,2021-01-14,0.0309,74.931
0.607,2018,0.749,Dan Berk,0.489,198713,0.314,0,4ptDJbJl35d7gQfeNteBwp,0,7,0.113,-9.245,0,Solo,58,2018-06-15,0.0331,124.234
0.508,2018,0.0945,Selena Gomez,0.601,207905,0.724,0,4hQ6UGyWQIGJmHSo0J88JW,1.68e-06,6,0.12,-4.856,1,Back To You - From 13 Reasons Why – Season 2 Soundtrack,74,2018-05-10,0.0486,102.061
0.405,2013,0.613,Troye Sivan,0.481,187195,0.179,0,6LteLVcW0oWLjuW6nePyWb,2.84e-05,3,0.145,-21.424,1,The Fault in Our Stars,65,2013-05-05,0.109,74.85
0.285,2008,0.0218,Taylor Swift,0.621,234747,0.63,0,1JR0kZfJpeNPJKo4HhdQJP,6e-05,2,0.22,-5.412,1,Love Story,0,2008-09-12,0.0288,119.053
0.476,2017,0.64,Sam Smith,0.681,201000,0.372,0,3VlbOrM6nYPprVvzBZllE5,0,5,0.169,-8.237,1,Too Good At Goodbyes,73,2017-11-03,0.0432,91.873
0.304,2020,0.196,AJ Wander,0.626,188395,0.53,0,08e9dUkEQMYCrtvoeZhqhP,2.12e-06,7,0.119,-9.095,1,Time Out,49,2020-11-05,0.0659,150.002
0.387,2021,0.476,Vwillz,0.64,224390,0.424,1,1Q7HO1L7KO46VlMH8C3Abh,0,2,0.0851,-11.221,1,She's Gone,51,2021-01-29,0.0378,123.006
0.412,2018,0.855,Michael Schulte,0.461,194547,0.29,0,60wa5J6SkXtBXHySQ3PoNB,0,1,0.103,-7.999,1,The Love You Left Behind,58,2018-12-14,0.0349,144.739
0.389,2020,0.897,WYLDE,0.326,135485,0.445,0,7AQZiIh2HMDwqGm9AQy96k,0.00631,7,0.101,-9.797,0,Island,53,2020-11-20,0.0905,179.677
0.214,2016,0.42,Ariana Grande,0.633,202360,0.412,0,4TZdeM7zelZGz6JPrXSEZ1,3.57e-06,9,0.048,-7.339,1,Moonlight,53,2016-05-20,0.0284,102.215
0.347,2017,0.183,Bea Miller,0.426,185440,0.445,0,1BSAmxkrz2H8v5kpTfAT6v,0,6,0.661,-5.776,0,like that,58,2017-06-02,0.169,56.966
0.234,2020,0.776,Tate Brusa,0.573,271286,0.303,0,16u0ZLBYb1eQiPtt32QMU0,0.000243,1,0.0745,-11.68,1,Not Me That You're Thinking 'Bout,48,2020-11-21,0.0457,140.175
0.373,2021,0.665,Munn,0.543,137532,0.511,0,4pVqrsykRGIyicylgR2gIx,0,1,0.302,-7.867,1,i hate you for this,55,2021-02-11,0.123,80.643
0.18,2016,0.687,gnash,0.492,251034,0.275,1,7vRriwrloYVaoAe3a9wJHe,0,6,0.101,-13.4,0,i hate u i love u (feat. olivia o'brien),79,2016-03-25,0.3,92.6
0.338,2014,0.879,Various Artists,0.497,200560,0.259,0,6yaHCAtl9kA0K3FMumR2ph,0,7,0.102,-9.782,1,Heart Like Yours,0,2014-08-19,0.033,140.117
0.462,2013,0.126,Tori Kelly,0.627,197847,0.592,0,2wWboDFZJPWXVNlHUbdSVQ,0,6,0.111,-5.977,1,Dear No One,68,2013-01-01,0.314,167.882
0.257,2018,0.95,Rothwell,0.492,227077,0.189,0,55Fs8h2Ui6YQZEFNaM7MdC,0,6,0.266,-6.545,1,Darling,54,2018-12-12,0.0395,128.176
0.392,2017,0.896,Sofia Karlberg,0.306,187795,0.248,0,1ophi6jCPs6FkGgUFYmhfQ,0,1,0.104,-11.211,1,Lonely Together,47,2017-10-27,0.0596,74.374
0.24,2014,0.0102,Various Artists,0.436,234987,0.562,0,3SZLtkoHoECHHuOnNkNCuS,0.000278,11,0.198,-6.106,1,All of the Stars,67,2014-05-19,0.0278,150.066
0.348,2015,0.965,Ruth B.,0.71,275280,0.0565,0,4h0zU3O9R5xzuTmNO7dNDU,0,7,0.0889,-15.099,1,Lost Boy,75,2015-08-21,0.0534,123.994
0.366,2019,0.847,Thomas Daniel,0.538,221170,0.162,0,4iObEYRE4FLm0D90gmZFef,0,5,0.114,-13.31,1,Since U Been Gone - Acoustic Version,54,2019-08-23,0.0299,94.981
0.322,2018,0.531,Maisie Peters,0.34,199142,0.288,0,37a0RMpwwQjgIkLoEePwXa,0,4,0.134,-7.937,1,Best I'll Ever Sing,58,2018-07-20,0.0321,89.033
0.429,2018,0.0524,Shawn Mendes,0.628,211600,0.715,0,79jX8RM5CgPqDKdGEKNW9K,0,5,0.119,-7.097,1,In My Blood,0,2018-03-22,0.0541,139.991
0.157,2020,0.299,Katelyn Tarver,0.492,221944,0.347,1,2lKVd2seyW6OUlMtdPaG5H,0,1,0.155,-7.513,0,Dionne,49,2020-12-18,0.0399,149.913
0.219,2014,0.964,Birdy,0.405,189475,0.111,0,5sF7hdYvhrcgNq8NZjfK8L,4.37e-05,0,0.0872,-11.879,1,Not About Angels,73,2014-04-13,0.0369,116.86
0.276,2021,0.943,JC Stewart,0.448,218293,0.247,0,7e5HVLu9xSydLebKSqBebM,3.61e-05,6,0.109,-10.454,0,Break My Heart - Piano Acoustic,58,2021-02-12,0.0466,134.5
0.476,2011,0.337,Various Artists,0.576,257720,0.835,0,0RUGuh2uSNFJpGMSsD1F5C,0,2,0.082,-6.826,1,It Will Rain,70,2011-11-04,0.0486,150.017
0.306,2018,0.317,Lady Gaga,0.553,210200,0.506,0,1koJk8rrMBlhDZ8MNiLzH9,0,0,0.763,-5.967,1,Always Remember Us This Way,61,2018-10-05,0.0411,130.027
0.358,2020,0.846,Wild Rivers,0.684,184065,0.173,0,3UOvd4bfGqepCVx4EJLy57,0,5,0.162,-13.535,1,Thinking 'Bout Love - Acoustic,41,2020-08-14,0.0595,137.742
0.233,2018,0.133,Fudasca,0.462,160021,0.217,0,6MjDnmBgbCu2UfDK0DRczh,0.0401,1,0.129,-15.251,1,I Wrote You a Letter,53,2018-11-23,0.0422,89.868
0.308,2019,0.91,Highland Peak,0.596,213098,0.2,0,72xTsTouZ5nBmASX8k1XCW,0.000183,0,0.0884,-10.424,0,Trampoline - Acoustic,54,2019-11-22,0.0305,107.893
0.177,2014,0.0509,Shawn Mendes,0.662,214120,0.612,0,6L6ra9mTlyQPmh7zGw58y1,0,10,0.0948,-4.993,1,Life Of The Party,0,2014-06-26,0.0311,113.95
0.174,2015,0.805,Andra Day,0.398,253342,0.316,0,0tV8pOpiNsKqUys0ilUcXz,0,1,0.295,-7.031,1,Rise Up,74,2015-08-28,0.0368,118.582
0.22,2018,0.915,Cyn,0.604,219268,0.277,0,71HEg3bYLyMAxHuJ3a6KIM,1.82e-05,2,0.113,-8.249,1,I’ll Still Have Me,54,2018-09-21,0.0286,82.922
0.387,2012,0.932,Bruno Mars,0.612,213827,0.28,0,0nJW01T7XtvILxQgC5J7Wh,0,0,0.088,-8.648,1,When I Was Your Man,84,2012-12-07,0.0434,72.795
0.381,2020,0.12,Scarypoolparty,0.508,288192,0.482,0,2esqfaQ1qUwVQB4bl5Vc70,0.283,1,0.0595,-11.571,1,Return2Sender,51,2020-08-28,0.0316,157.951
0.266,2019,0.949,Peter Manos,0.628,164947,0.187,0,2rPe95TgVgmyQokYu1FQ2K,0.0513,1,0.0886,-16.576,1,Out of Love,0,2019-01-21,0.0427,120.063
0.279,2014,0.677,Natalie Taylor,0.609,178125,0.501,0,2w8C5MDcyUkUvbpQsfuGoN,0.000861,8,0.0943,-6.708,1,Latch,22,2014-07-01,0.028,103.977
0.274,2014,0.957,Amber Run,0.386,259480,0.0887,0,3i7Iyc932rv1AZz7gl7dj8,0,7,0.126,-11.166,0,I Found - Acoustic,60,2014-09-21,0.0512,171.234
0.201,2014,0.607,Ed Sheeran,0.614,258987,0.379,0,5tIJb0C5rIbiDijHl41byE,0.000464,4,0.0986,-10.48,1,Photograph,0,2014-06-20,0.0476,107.989
0.161,2017,0.446,Lady A,0.333,226907,0.423,0,6OlKfS9U1bnNuk1LLJo7aL,0,0,0.109,-6.704,1,Hurt,0,2017-06-09,0.0351,150.447
0.232,2018,0.112,Gabrielle Aplin,0.299,260693,0.369,0,2GC4425uv5kHJzTueFnzlW,0.000763,5,0.0892,-8.665,1,December,44,2018-12-04,0.0317,138.885
0.29,2020,0.924,Kevin Paris,0.524,286250,0.147,0,38YUiPZdeg1DDX8d6eV5Gi,0.000149,8,0.111,-15.185,1,Loneliness,49,2020-07-23,0.0408,144.057
0.274,2021,0.931,Route 94,0.744,197025,0.159,0,2caArnpeWW955oZL6rxgbd,1.56e-06,5,0.0911,-6.593,0,Sad Songs (feat. L Devine) - Stripped,51,2021-01-08,0.0311,100.016
0.145,2016,0.895,Rihanna,0.494,223213,0.17,0,6D2tzc8kRnZb7P1lNwMBLH,0,10,0.139,-11.368,1,Close To You,64,2016-01-28,0.0337,80.098
0.813,2018,0.839,Camila Cabello,0.726,214387,0.304,0,3iq9nhbI8fcnNamxMft1uv,0,3,0.0853,-8.677,1,Real Friends,60,2018-01-12,0.131,91.97
0.278,2019,0.966,Joy Oladokun,0.436,197768,0.122,0,5VQ1j0nlkUpXMNdnY5cDH0,0,11,0.128,-10.947,1,Blink Twice,34,2019-10-09,0.0434,108.967
0.362,2021,0.819,Violet Skies,0.372,217049,0.178,0,1WVpCn4WGCrgGXhhtyUzyM,1.79e-06,7,0.115,-9.51,1,Lonely - Mahogany Sessions,41,2021-01-14,0.0506,183.403
0.191,2021,0.77,Trousdale,0.412,226154,0.285,0,20mb9SDTZugEbNwU5knL58,0,5,0.13,-8.031,1,Better Off,47,2021-02-26,0.0268,51.988
0.33,2017,0.245,Clean Bandit,0.638,205748,0.658,0,2xmrfQpmS2iJExTlklLoAL,3.77e-06,3,0.0919,-6.318,1,I Miss You (feat. Julia Michaels),1,2017-10-26,0.0456,105.076
0.602,1998,0.185,Boyzone,0.541,235600,0.638,0,1EwTY3ZJe4qsrZSTpiVbwq,5.36e-06,5,0.0582,-7.773,1,That's How Love Goes,32,1998-05-25,0.0284,167.671
0.224,2020,0.0308,Kasbo,0.496,268966,0.679,0,3Up1MsHqcxUVgB2iuqFRq2,0.00327,8,0.316,-6.893,1,Shut The World Out,56,2020-10-23,0.0345,105.059
0.0832,2019,0.0589,SLANDER,0.452,256043,0.465,0,39glqzRVRAy4vq3PqeTGb8,0.000524,4,0.095,-10.006,0,Love Is Gone,71,2019-05-10,0.0344,149.586
0.136,2021,0.401,TWO LANES,0.67,255789,0.434,0,2W9zh4QNFmuOyKHbtYYNm0,0.862,7,0.109,-12.923,0,Another Time,60,2021-02-25,0.046,113.997
0.425,2020,0.583,Jubël,0.567,194196,0.698,0,5Wg6cZxFJ1xkaWGNUUuIOc,0.00607,5,0.111,-6.281,1,4AM,54,2020-03-27,0.0389,108.108
0.252,2021,0.212,Alan Walker,0.447,168118,0.553,0,6rAGFY9D3ah6Lb7fUgbNNH,0,0,0.165,-4.817,1,Fake A Smile,74,2021-02-19,0.0322,149.877
0.167,2020,0.397,Danny Olson,0.369,298064,0.452,0,7hQqneQFiXJQOvz6ppQs2y,0,6,0.0929,-8.166,0,Hide and Seek - Don Diablo Edit,54,2020-04-17,0.0464,123.997
0.127,2020,0.0483,Shallou,0.522,237133,0.6,0,0HNCtRy85eByDaQI2K92Xn,0,8,0.419,-6.871,1,Good Together,53,2020-03-27,0.0447,115.153
0.167,2021,0.0749,Said The Sky,0.511,247123,0.705,0,40KNxBXDuACwNkRjPIR34r,0,9,0.224,-5.126,1,We Know Who We Are,51,2021-05-21,0.0464,144.946
0.14,2020,0.039,Blake Rose,0.317,205462,0.545,0,6sHxpnCerm9M6A5zaFFNfs,0,11,0.116,-6.439,0,Gone,64,2020-02-07,0.0469,139.014
0.215,2021,0.0991,William Black,0.63,208421,0.706,0,21UciS9u65KNCmrNXAToxK,0,5,0.119,-5.989,1,Deep End,52,2021-02-19,0.0289,114.028
0.412,2019,0.523,Vincent,0.624,280125,0.706,0,13VPw7TPwIGXvQOY7CVeds,0.000979,10,0.119,-7.435,0,Can't Help Myself,0,2019-02-22,0.0353,109.982
0.329,2020,0.489,Jacob Lee,0.305,301804,0.485,0,2uYEcvKNeFmGdCHWT7i6OU,0,11,0.136,-9.752,0,Silhouette,37,2020-05-01,0.0603,79.574
0.475,2019,0.679,ILLENIUM,0.532,210423,0.571,1,4pioeMejnqa4T3QAEqwVA3,0,1,0.109,-6.291,1,Sad Songs (& Said The Sky with Annika Wells),56,2019-08-16,0.041,144.912
0.344,2020,0.0844,Rave New World,0.386,188800,0.66,0,3AvERZJm26CbR8ocBxFJUo,0,10,0.379,-5.763,1,Home,51,2020-04-09,0.0349,74.067
0.307,2021,0.0932,Armaan Malik,0.344,192353,0.873,0,5sbkFKdxVQ2FgEjKMvrHAL,0,10,0.153,-3.387,1,Echo (with KSHMR),68,2021-05-21,0.221,170.041
0.52,2019,0.0156,3LAU,0.652,191443,0.803,0,5KQn3B5Zvt6UtYKUuSAunX,1.95e-05,6,0.0608,-5.366,1,Miss Me More,50,2019-09-12,0.0433,97.053
0.392,2020,0.0249,Sondr,0.336,191020,0.856,0,4IDdqBDBCFng8qyQ7ja8YP,0,11,0.111,-6.295,1,Heartache,50,2020-05-01,0.352,98.056
0.0743,2021,0.117,Otherwise Fine,0.574,176836,0.844,0,06AuNyqPNwKBvZ7a0G6rZP,0.129,7,0.151,-8.513,0,Shipwreck,38,2021-02-19,0.0398,128.025
0.2,2019,0.531,Nurko,0.454,226316,0.809,0,3VHNuIXr0uRzVFsw6kNFPW,3.02e-06,8,0.137,-3.333,1,Breathe Without,51,2019-01-31,0.0528,113.635
0.278,2017,0.0336,Matisse & Sadko,0.553,161538,0.687,0,2PhlrsYp7TSkK96ngbmL38,0,8,0.125,-6.4,1,Into You,51,2017-12-08,0.034,156.0
0.512,2020,0.0152,Seven Lions,0.826,189529,0.486,0,4antEhWfaS40HDDzDw0BFf,0.0928,11,0.122,-10.963,0,Senseless (feat. Tyler Graves),42,2020-03-27,0.0681,126.021
0.0707,2019,0.0102,OTR,0.442,195361,0.431,0,1IQgMSRjsLjVw5VZFeWcC0,0.000202,0,0.118,-9.007,0,Heart,46,2019-04-26,0.0382,109.128
0.237,2020,0.007,Ekali,0.33,181232,0.796,0,3wDhRYT95uMrYId5wkrDbA,0,10,0.0609,-4.987,0,Drown (feat. Au/Ra),44,2020-01-24,0.0473,78.968
0.176,2021,0.0909,keshi,0.464,202667,0.448,0,4FWzhh5B1rowe3qWKId1x3,8.24e-06,0,0.198,-8.116,1,blue - Jai Wolf Remix,14,2021-01-08,0.0266,90.082
0.128,2020,0.0772,Codeko,0.467,219400,0.737,0,3OjsIFbvVKSzChggXzMM8M,0,4,0.366,-4.782,1,Bad At Being Alone,41,2020-05-15,0.0305,149.998
0.262,2019,0.0782,Gryffin,0.251,199919,0.673,0,5mEdu358hFKpuN4YbJ2ZQy,0,3,0.0844,-5.342,1,If I Left The World (feat. MARINA & Model Child),50,2019-10-24,0.076,89.973
0.269,2020,0.235,Shallou,0.493,239347,0.673,0,2ksNrDFXAMk9Y7xKK63Ouu,0.000125,6,0.231,-6.404,1,Silhouettes,44,2020-03-27,0.0313,108.028
0.259,2019,0.0134,Jai Wolf,0.49,234987,0.702,0,0k4yUonDEAqoIw3xL2XMVC,5.36e-05,4,0.104,-4.564,0,Better Apart (feat. Dresage),0,2019-03-29,0.026,149.974
0.113,2020,0.0313,Autograf,0.676,222992,0.606,0,5G8T8JFhuGVG9aOPLaIzIx,0.00038,0,0.106,-5.878,1,If You Never Loved Me,43,2020-10-23,0.0382,123.94
0.151,2021,0.246,MitiS,0.374,328276,0.659,0,1lypBFGiKyft1PVgNp358Y,0.00104,2,0.0991,-5.427,1,Homesick (feat. SOUNDR),47,2021-02-12,0.0438,173.892
0.355,2020,0.0803,Ekali,0.546,197100,0.764,0,0PjDVyVAkT8vfWD0pVmpPx,8.84e-06,5,0.0971,-4.641,1,Hard To Say Goodbye (feat. Chloe Angelides),51,2020-01-24,0.053,152.994
0.5,2019,0.0621,RITUAL,0.699,180000,0.855,0,7HnSY7CAnw7FgiSiwVILiz,0.000164,0,0.0853,-3.267,0,Using (with Emily Warren) - Syn Cole Remix,51,2019-08-23,0.036,107.978
0.328,2020,0.182,SLANDER,0.249,225882,0.732,0,2wwSQbfTJUqNqDch31XUpW,0,1,0.117,-6.455,1,Hurts Sometimes (with Jonathan Mendelsohn),51,2020-10-23,0.104,169.896
0.398,2020,0.421,Myon,0.539,177945,0.757,0,2evXDtD2q2faHAiESi9LyH,0,7,0.0908,-5.461,0,Cold Summer - Sean Darin Remix,45,2020-02-21,0.0401,145.955
0.381,2019,0.0691,Ken Loi,0.494,189091,0.683,0,0fBkqSsrpoqkLj4kmF6lxa,4.78e-05,11,0.202,-7.417,1,Hurricanes,45,2019-12-20,0.0447,165.039
0.328,2021,0.0473,Felix Cartal,0.821,155897,0.645,1,3JCduk0tXQFjJBzo7qsj5e,2.11e-06,11,0.0858,-5.385,0,My Last Song,49,2021-05-21,0.0515,117.001
0.128,2019,0.193,Kevin Courtois,0.737,183057,0.507,0,7o6njxqSGbrIUIb8WzTe38,4.83e-05,6,0.117,-8.336,1,Visions,35,2019-08-09,0.0383,98.016
0.0416,2021,0.176,Lane 8,0.641,333871,0.726,0,61Hn9ssQkVEWq4ZmPwHyzd,0.794,2,0.0972,-6.921,1,Oh Miles,62,2021-01-14,0.0381,124.012
0.249,2019,0.148,ILLENIUM,0.545,198286,0.668,0,6tPnAqe6UNeKMoOrruBSEi,0,7,0.372,-3.962,0,Broken Ones (with Anna Clendening),51,2019-08-16,0.0906,149.988
0.415,2021,0.0417,Audien,0.53,224286,0.81,0,4548LyFomXQmDAINcFizEq,2.89e-06,1,0.0759,-3.335,1,Learn To Love Again,55,2021-05-07,0.0487,167.842
0.159,2021,0.122,Jason Ross,0.444,272000,0.719,0,7hCZVX8ogwzgszIKtkD6Bv,5.3e-06,1,0.115,-3.513,0,One More Day (with Chandler Leighton),53,2021-03-26,0.0666,149.941
0.159,2021,0.00431,ARMNHMR,0.484,196056,0.775,0,1B1YBXBQwN0DCBLJTSMVMy,3.09e-05,1,0.251,-4.767,0,Everybody Feels (feat. Zack Gray),49,2021-05-21,0.0419,141.939
0.125,2020,0.0572,PINES,0.61,177719,0.663,0,7pWtm7wDWIoT0TWoqySBy5,0.0103,1,0.116,-5.704,1,Half Way Home,46,2020-03-06,0.0355,120.05
0.0745,2021,0.381,Serhat Durmus,0.612,207692,0.542,0,0QnICpnSkCXY4d4zfYA2bB,0.000565,1,0.0977,-6.916,0,My Feelings,58,2021-02-19,0.0632,129.773
0.548,2021,0.0738,Nora Van Elken,0.593,161538,0.896,0,6CO3fQyH8y4r3M9N7XUGVN,0,8,0.167,-4.785,0,Way Out,52,2021-03-05,0.19,106.041
0.129,2019,0.597,ILLENIUM,0.451,270968,0.402,0,2tPzQueGEjxjmBvJrYe02u,3.77e-06,9,0.294,-4.63,1,Lonely (with Chandler Leighton),53,2019-08-16,0.0286,92.93
0.5,2020,0.237,Daniel Allan,0.721,155676,0.605,1,2XLNoz60iPXPnbh4hWWIs7,0,8,0.402,-6.773,1,Just Friends,38,2020-04-30,0.271,147.949
0.0968,2019,0.444,Shallou,0.537,275013,0.347,0,2QEBXYzURjg7nY8FjbBcUt,0.00343,4,0.111,-10.245,1,All Your Days,49,2019-02-28,0.0303,110.011
0.125,2019,0.512,Bear Grillz,0.557,195429,0.684,0,1GCVlnLKCz2ruuUAMxEOJO,0,0,0.157,-4.695,1,The Way We Were,44,2019-11-22,0.0542,139.857
0.19,2021,0.019,Petey Martin,0.598,179853,0.559,0,5qpEtUsEI1VkG63MNlRrAC,0,5,0.17,-5.835,1,Come Back Home,65,2021-01-08,0.0387,122.066
0.403,2021,0.283,Grant,0.618,179586,0.627,0,4GQ27sK6S5rRnlPmWmlVmz,0,0,0.143,-5.862,1,Won't Give Up,39,2021-03-16,0.0776,144.824
0.54,2019,0.00548,Gryffin,0.612,210352,0.781,0,676eXXtx6I7yxaDfXvMpjK,0,4,0.174,-3.601,1,Bye Bye (feat. Ivy Adara),57,2019-10-24,0.0931,148.017
0.759,2020,0.355,David Dann,0.762,202627,0.676,0,5nrWWX2fiR6tsoHVuCE73U,0.345,3,0.11,-7.193,1,You & Me,45,2020-10-08,0.0662,119.964
0.415,2020,0.0461,Tritonal,0.511,214154,0.795,0,4RdZfdkgW1OmkajhvcOxA1,0,6,0.138,-3.901,0,Long Way Home,52,2020-01-17,0.0509,129.855
0.47,2020,0.0636,Marc Benjamin,0.811,150968,0.511,0,11NiMOI4g4VnTAi5qqTCA7,0.0112,6,0.143,-7.586,0,Losing Focus,56,2020-11-06,0.033,124.035
0.44,2019,0.514,ILLENIUM,0.343,223405,0.321,0,3cBbeY7DCckx8eEQ70AM5y,0.000505,7,0.232,-9.53,0,Every Piece Of Me (with Echos),47,2019-08-16,0.0357,119.096
0.375,2020,0.297,MIME,0.679,223826,0.729,0,0liqgDxxKqACG9kponhjfn,0,11,0.117,-1.724,1,SRY,35,2020-01-09,0.101,115.074
0.51,2020,0.309,Stefan Biniak,0.668,194575,0.669,0,2eMGnjkOcyw0g8qZ84BE6j,0.00167,6,0.122,-5.966,0,Read All About It,52,2020-03-13,0.0685,119.974
0.42,2018,0.0169,Gryffin,0.539,254556,0.778,0,6p5I3DD3bVAJXjz0N0fIVN,6.68e-06,1,0.276,-6.32,0,Just For A Moment (feat. Iselin),0,2018-06-22,0.0612,143.988
0.365,2019,0.0006,Medii,0.405,202000,0.543,0,2hnLPBk8Chlfam7qwnJ7Uo,0,5,0.0956,-8.47,1,Fall,38,2019-07-12,0.0333,180.222
0.447,2019,0.061,Alex Kunnari,0.533,216406,0.797,0,4Z0KdXS7mzvh7MK36ZG9Pq,0.0154,9,0.168,-4.989,1,Heart Will Follow,47,2019-11-01,0.032,131.994
0.0555,2019,0.137,Jai Wolf,0.555,270013,0.814,0,581xsEYRp9v1uDLdGSHKw8,0.792,11,0.303,-6.339,1,Drowning (feat. Robokid),0,2019-04-05,0.0307,95.012
0.193,2020,0.422,Seven Lions,0.394,290824,0.745,0,00EFWaqXnHZ5smJNsHtnGV,0.000872,8,0.098,-6.149,1,What’s Done Is Done,49,2020-03-27,0.0451,170.017
0.348,2021,0.0233,Friendzone,0.602,202136,0.763,0,7BNVTdnnoMPzj8URWmmGMU,0,5,0.0938,-3.776,0,I Don't Wanna Know,49,2021-02-25,0.059,103.044
0.109,2020,0.503,King Henry,0.494,289071,0.368,0,1BLEBmtsO40MUEFsr1TaFD,0.25,11,0.0947,-13.349,0,Keep Waiting,37,2020-10-23,0.0395,113.01
0.619,2021,0.0232,James Carter,0.797,137213,0.711,1,7aVvHrB8hLb7421u4sp7S8,4.78e-05,8,0.196,-6.471,1,Lovers Say Goodbye,65,2021-03-26,0.09,122.032
0.848,2021,0.0192,David Solomon,0.708,180993,0.772,0,03F7FL0pcmVT4W8V8pERCH,7.13e-05,5,0.145,-3.863,1,Cross Your Mind,52,2021-02-05,0.0345,123.986
0.391,2021,0.0338,Vanic,0.578,219871,0.849,0,4hrZyNJJz6inZoYHFYkoza,0,0,0.321,-3.614,0,PTLD,47,2021-05-21,0.0511,155.067
0.309,2019,0.00253,Cryosis,0.572,214540,0.475,0,2fVhMWGxQSBjV2YLUhOGR1,2.75e-05,8,0.111,-8.531,1,Stay,0,2019-10-04,0.0275,139.928
0.228,2021,0.00732,Feather,0.603,237966,0.736,0,1Hq7TRfVL9Rk3z3ddjmiNr,0.0114,5,0.115,-5.644,0,Keys,31,2021-01-13,0.0419,118.021
0.112,2019,0.0137,Jason Ross,0.412,219401,0.671,0,46EA3tB2G4GrOMhDie094Q,3.35e-06,7,0.192,-6.545,0,Known You Before (with Emilie Brandt),37,2019-12-06,0.0563,128.174
0.731,2020,0.469,sanah,0.721,147000,0.871,0,5ihUSA58Ykw7ZPR0aRyMCX,1.37e-05,1,0.133,-5.831,1,Invisible Dress - Maro Music x Skytech Remix - Short Edit,48,2020-12-11,0.242,120.148
0.172,2020,0.109,Justus,0.337,184442,0.728,0,6NJ2cKbAH7XGzYnhWXW1ue,0.139,5,0.249,-5.298,1,Time To Say Goodbye (feat. Maria Mathea),50,2020-05-08,0.0286,125.963
0.373,2018,0.483,Halsey,0.639,248906,0.71,1,4bw3ZyWA1ui0Adu285NWDl,2.22e-06,6,0.219,-3.358,1,Without Me - ILLENIUM Remix,60,2018-11-30,0.0479,136.004
0.225,2021,0.055,Camp Kubrick,0.407,174857,0.582,0,2EE9mbf0apCytvK4cq8qSl,0.000209,8,0.259,-8.146,0,Borderline,49,2021-05-21,0.0369,139.831
0.231,2020,0.138,KOLIDESCOPES,0.649,207215,0.758,0,78LzgdgeE4gJyk5pIrs1v0,0.0189,7,0.179,-5.599,1,Torn,38,2020-07-29,0.0325,124.025
0.179,2018,0.0396,ODESZA,0.293,232937,0.696,0,3jYmQk6u6naf6aCZKXp8L4,0.000119,6,0.135,-6.036,1,Falls (feat. Sasha Sloan),46,2018-11-30,0.126,160.953
0.106,2021,0.0622,Kaskade,0.631,224865,0.576,0,69UhNEZfdWZ2e1nmIaJtUa,0.63,2,0.112,-10.739,1,Where Did You Go,59,2021-06-04,0.0329,110.038
0.219,2019,0.396,ILLENIUM,0.275,221398,0.657,0,6f1oG9hTx3NETgV6q4rkw5,0.000148,11,0.305,-3.9,1,Take You Down,55,2019-08-16,0.0431,169.638
0.123,2021,0.18,Charlotte Cardin,0.648,217493,0.491,0,3hEP7OMePmKx20LuNQP45q,0,7,0.411,-7.117,0,Meaningless,50,2021-02-12,0.0957,123.992
0.231,2019,0.886,Hazey Eyes,0.736,204526,0.446,0,5Rnv9hVUuyc5Q7jiFRHRwm,0.0137,11,0.075,-9.437,1,Emotion,31,2019-03-01,0.0571,106.046
0.196,2020,0.12,tyDi,0.551,210000,0.668,0,6FOkigXds5eFCnNwv7E6qW,3.67e-06,6,0.16,-7.077,0,For The First Time,29,2020-04-03,0.0447,144.012
0.489,2018,0.255,Lookas,0.652,194308,0.917,0,2lxABaTopA3eLW78gm6TnP,2.01e-05,7,0.463,-3.502,1,On My Own - Bishu Remix,33,2018-07-11,0.0492,129.961
0.293,2019,0.718,KRANE,0.536,165600,0.591,0,4qn6PMARJ4dOaDzEVEcbWP,0.0019,0,0.113,-6.233,1,Tell Me Why (feat. Malika),31,2019-08-16,0.0597,100.055
0.446,2021,0.0251,Mike Perry,0.625,182000,0.808,0,0ILpEfiCOyhqt8uFXHuY5E,2.3e-06,11,0.108,-5.654,1,Hero,58,2021-06-18,0.0352,120.023
0.223,2020,0.522,Fred again..,0.638,197749,0.541,0,2BMtVVQPrhMR3bIoiFhwpQ,0.00104,6,0.128,-9.043,0,Jessie (I Miss You),54,2020-10-12,0.313,103.031
0.399,2020,0.0146,Sander van Doorn,0.639,213571,0.788,0,4muUXLYIrhCXtFsPogjIcn,0.348,11,0.651,-6.965,0,Temper Temper (feat. ONR),50,2020-10-23,0.0545,125.955
0.688,2019,0.0845,Calippo,0.677,187805,0.802,0,3ShXxpDlExYyFNQunQyUOG,0.0186,11,0.223,-5.388,1,Feel Better,39,2019-09-20,0.107,123.008
0.167,2021,0.293,Besomorph,0.713,164516,0.675,0,3hMpunBF4cTJybNRSBMU3t,0,3,0.119,-6.46,0,Playing With My Heart,56,2021-03-05,0.205,123.998
0.206,2019,0.178,3LAU,0.701,210000,0.722,0,15SbvdiJ46LESbIjVYg8z7,0.000494,6,0.177,-6.025,0,Would You Understand (feat. Carly Paige),42,2019-01-04,0.0486,112.021
0.415,2021,0.331,Audien,0.593,213600,0.753,0,4QOb9hRufjPp9TDdph7Wzh,0,5,0.169,-4.582,1,Blue,47,2021-06-25,0.0365,99.974
0.254,2019,0.0248,Nause,0.565,170079,0.674,0,3Ng3o442KePLsUOPwql6W7,8.68e-06,8,0.105,-6.098,0,Can't Erase,43,2019-12-13,0.0463,127.046
0.304,2021,0.598,Briron Gauri,0.811,166977,0.524,0,726GMkrLFseCdHebF8LdVU,0,7,0.105,-7.038,1,Can't Forget You,37,2021-02-19,0.0324,109.979
0.45,2019,0.303,Avicii,0.629,171726,0.662,0,7zGEU6BXl2c4TxpzIAr7BI,0,4,0.0762,-5.581,1,Never Leave Me (feat. Joe Janiak),58,2019-06-06,0.0939,82.368
0.163,2021,0.0616,Kaskade,0.691,280527,0.882,0,4HGi3uJg4OTWHQs6TkYAFb,0.837,11,0.0719,-5.111,0,Closer,55,2021-01-26,0.0537,127.986
0.263,2020,0.0239,Lastlings,0.654,212849,0.81,0,3Q7cF0uvDhoorWDWpsg024,0.579,9,0.502,-6.344,0,Out Of Touch - Edit,36,2020-10-29,0.032,124.031
0.0582,2021,0.228,Franky Wah,0.4,238073,0.87,0,5XU99uJiaZIlfy1ID23veH,0.0105,3,0.319,-5.749,0,Should Have Seen It Coming,54,2021-02-04,0.0439,119.991
0.419,2020,0.096,Lemon & Herb,0.73,288880,0.398,0,5aFD0QPy4BQqUq39l0o5HD,0.0458,11,0.0933,-13.638,0,Forget You,51,2020-10-30,0.0465,121.944
0.631,2019,0.353,Terror Jr,0.897,178298,0.449,1,0tCD4um9Mbqli92icIS3Jo,4.31e-06,7,0.122,-9.353,1,Terrified,46,2019-01-25,0.0921,115.959
0.313,2020,0.123,Leo Garske,0.686,201600,0.529,0,7CjtZKbNK4uuA4aV9tydqZ,0.00174,6,0.155,-9.699,1,Sinn,6,2020-04-17,0.0457,100.046
0.292,2021,0.918,TEEKS,0.49,273727,0.221,0,0ZO7pqOzDXJ6GVIWwqIc4n,8.5e-06,2,0.658,-11.651,1,I Can't Make You Love Me - Live at the Auckland Town Hall,48,2021-06-11,0.0534,115.669
0.373,2021,0.933,Thomas Daniel,0.439,246345,0.217,0,66V40iz2mphPbYvuJVj13i,0,2,0.126,-13.166,1,drivers license,58,2021-04-02,0.0413,144.413
0.348,2019,0.609,Michael Constantino,0.308,204738,0.278,0,6yNdyVqnK95Tw4yZCEZBIX,0,3,0.0846,-8.778,1,Iris,31,2019-12-02,0.0285,81.225
0.352,2021,0.927,The Mayries,0.591,194668,0.175,0,0n3E6m57nDZJDyUHllaMDp,0,6,0.133,-12.959,1,Back For Good,55,2021-04-09,0.038,139.902
0.109,2020,0.943,Theresa Sokyrka,0.547,228939,0.0711,0,1gcciAKMxnfM5wpiGmWMWe,1.25e-06,0,0.183,-14.833,1,Time After Time,54,2020-11-13,0.0332,104.794
0.235,2019,0.87,Highland Peak,0.425,254297,0.249,0,7c0YUDcJreOv1OoBGf1KdH,0.00175,4,0.124,-12.219,0,Graveyard - Acoustic,50,2019-12-20,0.0355,123.632
0.12,2019,0.817,Chlara,0.478,235812,0.122,0,3zU6Sm45Jpd3uaI8sFnT8c,0,6,0.124,-13.413,1,Cannonball,45,2019-06-14,0.0354,135.63
0.132,2015,0.79,Canyon City,0.533,261667,0.152,0,2bqjWTGDpFoG3YlRgKvqDo,2.46e-05,2,0.148,-14.996,1,Fix You,60,2015-09-08,0.0302,143.972
0.191,2020,0.406,Keywest,0.346,225882,0.44,0,3qxPacNEgVBtaOCp0v8zJw,0,0,0.229,-6.188,1,Hold My Girl - Piano Acoustic,44,2020-11-20,0.0291,92.674
0.0678,2020,0.895,Rosie Carney,0.251,178640,0.105,0,0UXRwWWIdPPpIuSyxUHv4Y,0.000276,7,0.118,-16.176,1,Bullet Proof ... I Wish I Was,45,2020-11-27,0.032,80.735
0.35,2018,0.92,Roses & Frey,0.494,196819,0.214,0,2nBrIzKacrNdIxs90FlsT1,1.07e-05,7,0.107,-11.041,1,Wake Me Up,56,2018-01-05,0.0363,125.981
0.0876,2020,0.807,Boyce Avenue,0.659,246980,0.331,0,3JKLrIrHpbHtDU1oeYtbYD,0,10,0.0996,-8.987,1,Chasing Cars,53,2020-01-24,0.0321,105.01
0.105,2017,0.943,Thomas Daniel,0.359,192389,0.208,0,6JAXWoK53LV3hYARf4TzzP,0,7,0.0931,-10.567,1,Symphony - Acoustic,48,2017-05-26,0.036,83.155
0.179,2017,0.801,Kina Grannis,0.585,234135,0.103,0,7BRwh1bemr9rFMDeTbcy5S,0,7,0.126,-12.682,1,Creep,60,2017-04-14,0.0309,133.057
0.305,2017,0.894,Clementine Duo,0.657,208103,0.192,0,1jUyxF7NmNXGlZQDVw40O8,0,10,0.157,-13.108,0,2U - Acoustic Version,59,2017-06-23,0.0365,130.087
0.525,2017,0.932,Isabella Celander,0.69,186335,0.204,0,4sAX65hbNtEC1lceCdGuMt,1.73e-06,7,0.119,-12.427,1,Stargazing,53,2017-10-27,0.0301,139.587
0.176,2018,0.926,Roses & Frey,0.596,226877,0.195,0,7vg5fesQdq5I7Z7XGdyJd5,0,7,0.139,-11.02,1,Bad Liar,52,2018-11-30,0.0264,82.114
0.16,2019,0.938,Mother's Daughter,0.654,217777,0.135,0,56twDecxsQon61crfEXrA5,0,6,0.0983,-10.535,0,Hollywood's Bleeding,47,2019-09-27,0.033,100.027
0.282,2018,0.937,Sara Farell,0.53,197195,0.0776,0,68ngc4vLwImhAeWHmXKcEI,0,6,0.122,-15.478,1,Teenage Dream,51,2018-02-09,0.0462,179.911
0.152,2017,0.876,Mother's Daughter,0.643,165067,0.11,0,18PrtmAcNMgZNy1edWuXGb,1.38e-05,6,0.112,-14.28,1,A Sky Full of Stars,57,2017-12-06,0.0294,101.995
0.395,2020,0.87,John T,0.426,162784,0.122,0,0mMc1o5pBIL7jgnibS6VFP,0.00113,8,0.113,-21.222,1,Heartbeats,3,2020-11-27,0.0316,87.147
0.478,2019,0.89,Postcards & Polaroids,0.463,145753,0.156,0,10a6GUpyRLdfadUPRL5wBg,0,6,0.115,-13.416,1,Supermarket Flowers,46,2019-09-06,0.189,180.191
0.413,2021,0.714,Reason,0.675,188864,0.15,0,3SbLU4hAQHmdvHFDMVhAf9,0,2,0.115,-14.912,1,Anyone,45,2021-01-29,0.0314,109.882
0.279,2015,0.846,The Milk Carton Kids,0.465,285719,0.278,0,6Hm8qbvIicqaQmAWyevlda,0.00115,6,0.675,-16.318,1,Wish You Were Here,56,2015-10-23,0.0349,122.666
0.345,2017,0.71,Kina Grannis,0.485,221569,0.126,0,0W85Yolr3l72QZsk9UrkqP,0,6,0.106,-15.597,1,Issues,46,2017-08-11,0.052,152.541
0.268,2018,0.739,Brandon Chase,0.664,202220,0.301,0,3HOcPWc2LUUv5te756KfAH,0,0,0.103,-8.135,1,Without Me,50,2018-11-30,0.0296,115.877
0.371,2018,0.751,Zak Manley,0.744,187966,0.0953,0,5wMeDEn5Jt84L94MZQDBWg,4.2e-06,5,0.108,-12.924,1,Hang with Me,52,2018-10-26,0.0637,84.053
0.505,2017,0.749,Missy & Blonde,0.608,189794,0.307,0,6tmwEEqi4o7wpys88d0sqg,0.000252,5,0.156,-10.859,0,Something Just Like This - Acoustic,63,2017-03-17,0.0285,99.938
0.174,2018,0.875,The Mayries,0.448,219977,0.256,0,2GwShNdcJHDLEkGO4L34lF,0,5,0.113,-10.17,1,Back To You,50,2018-06-15,0.0483,77.272
0.0565,2020,0.925,Lilith Merlot,0.453,227062,0.206,0,3d4k38C0dO6BWOkPn62eey,6.42e-05,1,0.0937,-10.764,0,Speak Your Heart,49,2020-11-20,0.0305,104.96
0.162,2019,0.811,Linn Brikell,0.45,179510,0.211,0,1ir0M7NQAr7r5mLit1xUq3,0,4,0.106,-10.099,0,Giant,49,2019-03-01,0.0409,167.863
0.238,2018,0.812,Bailey Jehl,0.566,181597,0.168,0,2xHKGx65VCsJgU83Bvh4j7,0,3,0.125,-12.483,1,Apologize,53,2018-04-27,0.0372,116.286
0.225,2018,0.892,Reason,0.424,244946,0.267,0,3vwj1C07osOH8vqi6qmOoY,0,3,0.135,-8.062,0,Attention,46,2018-02-21,0.0462,79.782
0.181,2019,0.767,Molly Parden,0.366,245907,0.262,0,2AhqPhQ4E1r9v2i2TfJHR0,2.06e-05,2,0.119,-12.635,1,Landslide,58,2019-06-28,0.0322,151.11
0.21,2020,0.862,Lúc,0.674,199114,0.116,0,5mFrdpvoxokKCWp9uHE1ok,0,9,0.0979,-13.448,1,No Air,53,2020-03-27,0.0375,129.976
0.233,2019,0.88,Sad Boy,0.429,167500,0.179,0,7hGfipTkKQBlNGkkPcDP0S,0,2,0.0859,-13.124,1,Iris,44,2019-11-03,0.0416,69.891
0.219,2017,0.892,Michael Shynes,0.682,173066,0.0907,0,7ggLvZ7Ot5bfayAva458kA,0,1,0.159,-16.614,0,We Found Love,61,2017-12-15,0.0363,100.107
0.29,2018,0.856,Lola Rhodes,0.664,180466,0.177,0,4r4aTOJc7K3iUIU3MEPw6I,0,1,0.136,-13.54,1,Be Alright,59,2018-09-28,0.0335,105.008
0.165,2017,0.852,Amanda Yang,0.526,208568,0.318,0,1NWvbQI3bNfPxbxF9OQ1Ek,0,0,0.0974,-8.884,1,Dusk Till Dawn,56,2017-10-06,0.0323,75.008
0.279,2018,0.634,Brandon Chase,0.605,230354,0.306,0,1nsn93tZ1aUhsEbNETgkvH,0,11,0.12,-6.704,1,Rise,45,2018-08-27,0.0262,129.964
0.343,2020,0.868,Lúc,0.503,172455,0.123,0,0Bb9oRoN3suM9iiIwzHtmX,2.56e-05,2,0.111,-14.312,0,Somebody That I Used To Know,49,2020-04-03,0.0327,183.571
0.119,2020,0.894,Lennon Stella,0.322,265652,0.127,0,5OtvDpNhxUde1hkAjvzSzE,5.99e-05,7,0.143,-14.197,1,Every Time You Go Away,67,2020-08-19,0.0352,144.2
0.426,2021,0.806,Jonah Baker,0.487,224171,0.288,0,3U4ek9i5n2C9OXSLsuubzY,0,11,0.0804,-11.174,1,Mirrors - Acoustic,36,2021-03-15,0.0455,127.89
0.118,2019,0.948,The Mayries,0.421,216841,0.107,0,2VVWWwQ3FiWnmbukTb6Kd3,0,6,0.0881,-15.191,1,I Will Wait,51,2019-06-14,0.0335,104.218
0.253,2019,0.887,Ben & Tim,0.54,182216,0.265,0,2xdQMKQ0ZO1O6WtAImKmYK,0,11,0.111,-9.852,1,Believe,51,2019-02-08,0.027,94.919
0.227,2021,0.882,We Rabbitz,0.369,149735,0.235,0,12AKFQyF4FaQY4AKYqBUvc,0,2,0.108,-10.511,1,Lonely - Acoustic Piano,43,2021-01-14,0.0435,77.937
